<DARUMAFRAMEWORK>
  <START>
    <LocalArquivos>c:\</LocalArquivos>
    <LogTamMaxMB>5</LogTamMaxMB>
    <Produto>DUAL</Produto>
    <ThreadAoIniciar>1</ThreadAoIniciar>
  </START>
  <DUAL>
    <AguardarProcesso>1</AguardarProcesso>
    <Auditoria>0</Auditoria>
    <CodePageAutomatico>0</CodePageAutomatico>
    <EnterFinal>1</EnterFinal>
    <Inicializou>0</Inicializou>
    <LinhasGuilhotina>0</LinhasGuilhotina>
    <ModoGaveta>0</ModoGaveta>
    <PortaComunicacao>COM1</PortaComunicacao>
    <Tabulacao>05,10,15,20,30,40</Tabulacao>
    <Termica>1</Termica>
    <Velocidade>9600</Velocidade>
  </DUAL>
  <ECF>
    <AguardarImpressao>0</AguardarImpressao>
    <ArquivoLeituraX>LeituraX.ser</ArquivoLeituraX>
    <Auditoria>0</Auditoria>
    <CaracterSeparadorRetorno></CaracterSeparadorRetorno>
    <ControleAutomatico>1</ControleAutomatico>
    <EmErroBuscarPorta>0</EmErroBuscarPorta>
    <EnviarAvisoAoUsuario>0</EnviarAvisoAoUsuario>
    <EnviarErroAoUsuario>0</EnviarErroAoUsuario>
    <MaxFechamentoAutomatico>0</MaxFechamentoAutomatico>
    <MensagemApl1>DarumaFramework - Mensagem N�o Programada</MensagemApl1>
    <MensagemApl2>DarumaFramework - Mensagem N�o Programada</MensagemApl2>
    <MensagemAviso>AVISO: [O PAPEL ESTA ACABANDO!!]. INSIRA NOVA BOBINA DE PAPEL.</MensagemAviso>
    <OnLineAutomatico>1</OnLineAutomatico>
    <PortaSerial>DEFAULT</PortaSerial>
    <ReceberAvisoEmArquivo>0</ReceberAvisoEmArquivo>
    <ReceberAvisoNoMetodo>1</ReceberAvisoNoMetodo>
    <ReceberDescricaoAvisoEmArquivo>0</ReceberDescricaoAvisoEmArquivo>
    <ReceberDescricaoErroEmArquivo>0</ReceberDescricaoErroEmArquivo>
    <ReceberErroEmArquivo>0</ReceberErroEmArquivo>
    <ReceberErroNoMetodo>1</ReceberErroNoMetodo>
    <ReceberInfoExtendida>1</ReceberInfoExtendida>
    <ReceberInfoExtendidaEmArquivo>0</ReceberInfoExtendidaEmArquivo>
    <ReducaoZAutomatica>1</ReducaoZAutomatica>
    <SangriaMensagem></SangriaMensagem>
    <SangriaValor>100</SangriaValor>
    <SinalSonoroIniciar>0</SinalSonoroIniciar>
    <SuprimentoMensagem></SuprimentoMensagem>
    <SuprimentoValor>100</SuprimentoValor>
    <TituloMensagem>[DarumaFramework]</TituloMensagem>
    <Velocidade>9600</Velocidade>
    <CF>
      <FormaPgto>Dinheiro</FormaPgto>
      <MensagemPromocional> </MensagemPromocional>
      <Quantidade>1</Quantidade>
      <TamanhoMinimoDescricao>15</TamanhoMinimoDescricao>
      <TipoDescAcresc>D%</TipoDescAcresc>
      <UnidadeMedida>un</UnidadeMedida>
      <ValorDescAcresc>0.00</ValorDescAcresc>
    </CF>
    <CCD>
      <DocOrigem></DocOrigem>
      <FormaPgto>Dinheiro</FormaPgto>
      <LinhasTEF>20</LinhasTEF>
      <Parcelas>01</Parcelas>
      <Valor></Valor>
    </CCD>
    <CHEQUE>
      <XLinha1>10</XLinha1>
      <XLinha2>10</XLinha2>
      <XLinha3>10</XLinha3>
      <YLinha1>10</YLinha1>
      <YLinha2>20</YLinha2>
      <YLinha3>30</YLinha3>
    </CHEQUE>
  </ECF>
  <TA2000>
    <Auditoria>0</Auditoria>
    <MensagemBoasVindasLinha1>**********Daruma Automacao**************</MensagemBoasVindasLinha1>
    <MensagemBoasVindasLinha2>********MicroTerminal TA2000************</MensagemBoasVindasLinha2>
    <Porta>LPT0</Porta>
  </TA2000>
  <MODEM>
    <Porta>COM3</Porta>
    <Velocidade>9600</Velocidade>
    <Velocidade>9600</Velocidade>
    <Thread>TRUE</Thread>
    <Apagar>FALSETRUE</Apagar>
    <LerApagar>TRUE</LerApagar>
  </MODEM>
</DARUMAFRAMEWORK>
